title,company,location,link
Entry level Software Engineer - Python & Aws,"
Solution ITnet LLC","South Plainfield, NJ",https://www.indeed.com/viewjob?jk=f87518b0d67285fc
Python Developer Intern,"
OXO Solutions","Ruby, SC",https://www.indeed.com/viewjob?jk=84a541c104b5b24c
Jr. Python developer(W2 Roles),"
IntelliLink Technologies Inc","Princeton, NJ",https://www.indeed.com/viewjob?jk=a85ae4b7ad316a19
Entry Level Python Developer,"
Core Soft Tech","Santa Clara, CA",https://www.indeed.com/viewjob?jk=5515d1dabced49ec
Python Developer,"
We Write Code","Des Moines, IA",https://www.indeed.com/viewjob?jk=20096415b30a60ff
Python Developer,"
Codesynch","Minnesota City, MN",https://www.indeed.com/viewjob?jk=66b97b13ab0802ed
"Teachers for English reading, writing, Negotiation Skills, Python etc","
Chicago North Shore Chinese Center",Remote,https://www.indeed.com/viewjob?jk=0a9542edd64e8b79
Sr. Python Developer - 100% Remote,"
eTek IT Service | Savvysol",Remote,https://www.indeed.com/viewjob?jk=37cb22ff9b7d8ca5
Online Coding Instructor,"
CodeWizardsHQ","Omaha, NE",https://www.indeed.com/viewjob?jk=250be3e13a5f2f74
"Launch Internship, Summer 2021 - Location Flexible","
Dropbox",California,https://www.indeed.com/viewjob?jk=c95324f57292851a
Devops (python) developer,"
Kani Solutions","Costa Mesa, CA",https://www.indeed.com/viewjob?jk=e4a816647404a152
Python Developer,"
Nitor Infotech Inc.",Remote,https://www.indeed.com/viewjob?jk=2528532776238ff0
Mid-Level Python Developer,"
HEXACT",Remote,https://www.indeed.com/viewjob?jk=b38c72a0024ad418
Python Developer,"
Thingbits","Minneapolis, MN",https://www.indeed.com/viewjob?jk=ae9b820a90a0f303
Atmospheric Scientist I,"
Science System and Applications, Inc.","Omaha, NE",https://www.indeed.com/viewjob?jk=0cc3a074c4b51d23
Python Developer,"
Hashout Technologies","Centreville, VA",https://www.indeed.com/viewjob?jk=eb3b7514ed7cc3c1
"Entry Level Python, AWS Engineer","
TEKbasic Technologies","South Plainfield, NJ",https://www.indeed.com/viewjob?jk=531e0edfbf928b1f
Python Developer,"
SPR Software systems LLC","San Antonio, TX",https://www.indeed.com/viewjob?jk=f5f337e6f2df750e
AWS & Python Developer Internship,"
AeroPayments","Chicago, IL",https://www.indeed.com/viewjob?jk=d85f81c7a5458a1f
Python Developer,"
Resiliency LLC","Houston, TX",https://www.indeed.com/viewjob?jk=e72e4d0630b1e702
Python Developer,"
Gallega Software Solutions Inc","Minneapolis, MN",https://www.indeed.com/viewjob?jk=86a0f2fc22f80170
AI and Machine Learning Trainee,"
SureStart",Remote,https://www.indeed.com/viewjob?jk=9a962ab816577454
Software Engineer Intern (Summer 2021),"
Alteryx, Inc.","Boston, MA",https://www.indeed.com/viewjob?jk=8db811c3b29ad04b
Biomedical R&D Studies Co-Op Intern,"
Apple","Santa Clara Valley, CA",https://www.indeed.com/viewjob?jk=f313e9b432ee0fc7
Software Engineer – Entry level,"
SAIC","Omaha, NE",https://www.indeed.com/viewjob?jk=dffced4a3c335b8c
Retirement Benefit Analyst II (Possible remote opportunity),"
Principal Financial Group","Des Moines, IA",https://www.indeed.com/viewjob?jk=8cbbf1e6286f403d
Rotational Risk Specialist,"
Gavilon","Omaha, NE",https://www.indeed.com/viewjob?jk=46077fe9d253d3c2
"Analyst, Baseball Research & Development","
Cleveland Indians - Baseball Operations",Ohio,https://www.indeed.com/viewjob?jk=83630efa18619adb
Software Developer (C# / Python),"
Garmin","Scottsdale, AZ",https://www.indeed.com/viewjob?jk=f3d4c8f263f287c1
Data Scientist,"
HTI Labs","Omaha, NE",https://www.indeed.com/viewjob?jk=407bdfce2af66518
Sr. Python Developer,"
sstech llc",Remote,https://www.indeed.com/viewjob?jk=4b111ef92930d32e
Software Engineer (Entry-Level),"
Raptor Maps","Somerville, MA",https://www.indeed.com/viewjob?jk=4895c5581d575885
Python Developer,"
2H Talent LLC","Salt Lake City, UT",https://www.indeed.com/viewjob?jk=1b358081782365f5
Remote Working or HQ Office Based: Sr Data Analyst - Talent Analytics,"
TARGET","Minneapolis, MN",https://www.indeed.com/viewjob?jk=82a3def84cf84e4c
Associate / Senior Associate - Carbon Free Electricity Program,"
Rocky Mountain Institute","Basalt, CO",https://www.indeed.com/viewjob?jk=477a426b7e9ed2e7
Psychometrician,"
Amplify Education, Inc.",United States,https://www.indeed.com/viewjob?jk=5bd393385d78fa2a
Data Science Intern (Paid) for Cyber Security / Insurtech,"
Binary Insurance","Sunnyvale, CA",https://www.indeed.com/viewjob?jk=3063050967c659d8
Python Developer,"
Systemonex INC","New York, NY",https://www.indeed.com/viewjob?jk=261a6748688d29d6
Research Engineer Intern,"
Bose","Boston, MA",https://www.indeed.com/viewjob?jk=f5691844fb542a00
Python Developer,"
Adven Technologies inc","Frisco, TX",https://www.indeed.com/viewjob?jk=ed8cb36ff3d69b67
Jr. Python developer(W2 roles only),"
Vensit","Sayreville, NJ",https://www.indeed.com/viewjob?jk=b11d7bd2b52f8ca0
Research Assistant,"
Woods Hole Oceanographic Institution","Woods Hole, MA",https://www.indeed.com/viewjob?jk=ee9af9daf2f3db5f
Quantitative Trader - Entry Level,"
Avatar Securities","Chicago, IL",https://www.indeed.com/viewjob?jk=d01efa8dad29efdc
Python Developer,"
Emonics LLC","Jersey City, NJ",https://www.indeed.com/viewjob?jk=2bbfd602c44c1461
Research Associate,"
Harvard University","Boston, MA",https://www.indeed.com/viewjob?jk=cb030efe4645e221
Python Developer,"
Green computdr inc","Sterling Heights, MI",https://www.indeed.com/viewjob?jk=20e7eed00a34d7c4
Desktop Technician,"
Home Instead, Inc.","Omaha, NE",https://www.indeed.com/viewjob?jk=adb4c8bff92bb18e
Big Data Python Backend Developer,"
DataAxxis","New York, NY",https://www.indeed.com/viewjob?jk=7cdffa0bee5fd01f
Healthcare Data Scientist,"
pulseData","New York, NY",https://www.indeed.com/viewjob?jk=6720cf1c03a1c426
Expert Python Developer,"
Varfaj Partners",Remote,https://www.indeed.com/viewjob?jk=6b12a2d58542fef0
Healthcare Data Scientist,"
pulseData","New York, NY",https://www.indeed.com/viewjob?jk=6720cf1c03a1c426
Expert Python Developer,"
Varfaj Partners",Remote,https://www.indeed.com/viewjob?jk=6b12a2d58542fef0
Junior Web Developer/Programmer,"
O'Shaughnessy Asset Management",United States,https://www.indeed.com/viewjob?jk=eb00d7836bf091a0
Python Backend developer,"
GHK Technologies Inc.",Remote,https://www.indeed.com/viewjob?jk=2f12b2e796f361aa
Database/Python Developer Intern,"
Homesite Insurance","Boston, MA",https://www.indeed.com/viewjob?jk=bfac52f780ab237c
Workforce Analyst,"
CSG","Omaha, NE",https://www.indeed.com/viewjob?jk=e88ec3f21026b72c
(OptumRx) SQL / Python / Tableau Report Consultant - Telecommute,"
UnitedHealth Group","Eden Prairie, MN",https://www.indeed.com/viewjob?jk=124eba3752e41095
Lead Python Developer,"
Digital Dhara",Remote,https://www.indeed.com/viewjob?jk=b4ef330be64eb0cd
QA Manual Tester-Remote,"
Agama Solutions",California,https://www.indeed.com/viewjob?jk=d7e6b9db8d900528
Python/Django Developer,"
Scanslated, Inc.","Raleigh-Durham, NC",https://www.indeed.com/viewjob?jk=3d979a3ebe8a97c3
"Junior Level Python Developer (Python, PySpark and AWS) SJ","
Summit Work Technologies","Middlesex, NJ",https://www.indeed.com/viewjob?jk=fa3b2e6e3bd03a99
100% REMOTE Python Developer,"
CyberCoders","Los Angeles, CA",https://www.indeed.com/viewjob?jk=74c243a680e5f4c5
"Grapher, Activity Specialist","
Amplify Education, Inc.",United States,https://www.indeed.com/viewjob?jk=93c390b422001e1b
Junior Software Engineer,"
Two Barrels","Spokane, WA",https://www.indeed.com/viewjob?jk=33b7f295f98000b6
"Hiring in Tableau,DevOPs,Python,Java,UI, .net,AI,RPA - OPT/CPT @ Texas","
Neo Prism Solutions","Dallas, TX",https://www.indeed.com/viewjob?jk=d66bb7567495a6cd
2021 Business Analyst Full Time positions,"
Amazon.com Services LLC","Seattle, WA",https://www.indeed.com/viewjob?jk=310aa98fd3be5f16
Python Developer Intern,"
DevCool Inc.",Remote,https://www.indeed.com/viewjob?jk=e13ef538c27679ba
Jr. Data Analyst,"
Datawiz","Chantilly, VA",https://www.indeed.com/viewjob?jk=cece09a2d53c5563
"Entry level software engineer (Python, PySpark and AWS) VS","
Summitworks technologies inc","New Brunswick, NJ",https://www.indeed.com/viewjob?jk=e8df7bd486b47e4a
Data Science Intern,"
Galvanize Inc.","Denver, CO",https://www.indeed.com/viewjob?jk=fe26af4ea021d460
Music Technology Research Engineer Intern,"
Bose","Boston, MA",https://www.indeed.com/viewjob?jk=3cd379053c8abb6f
Python Developer,"
Phrasee",Remote,https://www.indeed.com/viewjob?jk=085a511b377e3ecb
Quantitative Operations Analyst,"
Global Sigma Group","Boca Raton, FL",https://www.indeed.com/viewjob?jk=17914a71381c2544
Python Developer,"
Vedainfo","Sunnyvale, CA",https://www.indeed.com/viewjob?jk=3256db30a68d7920
Python Developer,"
Barnstorm VFX","Burbank, CA",https://www.indeed.com/viewjob?jk=b4919292c07969c9
Python Developer,"
Hierarch Soft Technologies Inc,","San Francisco, CA",https://www.indeed.com/viewjob?jk=217c213d75392d19
Intern Analyst,"
Vectra","Austin, TX",https://www.indeed.com/viewjob?jk=ffd25d07757e74ec
Python Developer,"
SMCI",California,https://www.indeed.com/viewjob?jk=e78c9e1905706c7d
Python Infrastructure Developer-NAS/File Storage,"
JPMorgan Chase Bank, N.A.","Lewisville, TX",https://www.indeed.com/viewjob?jk=809945f3928949b2
Python Developer,"
iASK Consultancy","Pittsburgh, PA",https://www.indeed.com/viewjob?jk=8f69335b1a03bb8e
Software Engineer Intern (Python),"
Vectorworks Inc.","Columbia, MD",https://www.indeed.com/viewjob?jk=b2e60f03c3f7dd3b
"Data Analytics with Python | Des Moines, IA | Must be USC or GC","
BHAVENCYBERTECH.COM","Des Moines, IA",https://www.indeed.com/viewjob?jk=656ea4918e9a3f8f
Software Engineer Intern,"
PayPal","Omaha, NE",https://www.indeed.com/viewjob?jk=2f3de9bc7a9eae76
Immunization Data Analyst,"
Intellibee Inc","Des Moines, IA",https://www.indeed.com/viewjob?jk=fdaf5f7d64c2c70e
Autopilot - Deep Learning Internship (Summer 2021),"
Tesla","Palo Alto, CA",https://www.indeed.com/viewjob?jk=e8ca5651c773947b
Data Analyst,"
Niche.com",Remote,https://www.indeed.com/viewjob?jk=b480fe7405d7d9e8
GIS Intern,"
Prince William County Service Authority",Virginia,https://www.indeed.com/viewjob?jk=58422e1fcaee5eeb
Python Developer Trainee,"
Cndro","Houston, TX",https://www.indeed.com/viewjob?jk=0cf2026f52be6bc9
Business Analyst (Part-Time),"
Integra Partners",Remote,https://www.indeed.com/viewjob?jk=574afafb71698e29
Senior Python Engineer,"
Ontrak, Inc.",Remote,https://www.indeed.com/viewjob?jk=f32d11efe16ed466
Senior Python Backend Developer,"
Varfaj Partners",Remote,https://www.indeed.com/viewjob?jk=08d305271ef48345
"Data Engineer (GCP, SQL & Python must )","
Conquest Tech Solutions, Inc",Remote,https://www.indeed.com/viewjob?jk=2a051aea242442cd
Python Backend Developer with Object Oriented Programming Experience,"
GHK",Remote,https://www.indeed.com/viewjob?jk=7cec862e490da325
Jupyterhub/Jupyterlap developer with Python,"
Nidish LLC",Remote,https://www.indeed.com/viewjob?jk=6857bf4d025cb4dd
Application Developer – Python / Django / Angular,"
Crossroads Technologies, Inc.","Draper, UT",https://www.indeed.com/viewjob?jk=34bdd6e0c92c3e4a
Sr. Python Developer/lead,"
Pegasys Information Technologies","Charlotte, NC",https://www.indeed.com/viewjob?jk=01c03abd351ce2d8
Front End Developer,"
White Castle Roofing","Roca, NE",https://www.indeed.com/viewjob?jk=0422c68db84b2deb
Python & Django,"
Launch Potato",Florida,https://www.indeed.com/viewjob?jk=eed0b5a7daa1ac2d
Python Developer (Fresher / Experienced) W2: OPT/CPT,"
Neo Prism Solutions","Dallas, TX",https://www.indeed.com/viewjob?jk=7d6a00e6844b73a2
Sr Python Backend Engineer (Remote),"
EveryoneSocial",Texas,https://www.indeed.com/viewjob?jk=26e7727a82a34ed8
